RI,SMILES
1000.46,CCCCCCCCCC
1030.6,C[Si](C)(C)O/C(=C\F)/C(=O)O[Si](C)(C)C
1051.26,C[Si](C)(C)N(C(=O)O[Si](C)(C)C)[Si](C)(C)C
1100.58,CCCCCCCCCCC
1147.57,C/C(=N\O[Si](C)(C)C)/C(=O)O[Si](C)(C)C
1200.69,CCCCCCCCCCCC
1300.81,CCCCCCCCCCCCC
1304.34,C[Si](C)(C)OC(=O)/C=C\C(=O)O[Si](C)(C)C
1309.77,C[Si](C)(C)OC(=O)CCC(=O)O[Si](C)(C)C
1316.06,CC(CC1=CC=CC=C1)NC(=O)C(C(C(F)(F)F)(F)F)(F)F
1316.54,CC(CC1=CC=C(C=C1)F)N[Si](C)(C)C
1322.39,CCCCCCCCC(=O)O[Si](C)(C)C
1322.64,C[Si](C)(C)OC(=O)C1=CC=CC=N1 
1325.78,C1=CC(=CC=C1NC(=O)C(C(C(F)(F)F)(F)F)(F)F)OC(=O)C(C(C(F)(F)F)(F)F)(F)F
1332.1,C[Si](C)(C)OCCOC1=CC=CC=C1
1334.87,CC(C)C1=C(C(=CC=C1)C(C)C)O
1345.54,C[Si](C)(C)OC(=O)/C=C/C(=O)O[Si](C)(C)C
1347.53,CC(CC1=CC=CC=C1F)NC(=O)C(F)(F)C(F)(F)C(F)(F)F
1385.06,CC(CC1=CC=CC=C1)N(C)[Si](C)(C)C
1400.93,CCCCCCCCCCCCCC
1417.09,CC(CC1=CC=CC=C1)N(C)C(=O)C(C(C(F)(F)F)(F)F)(F)F
1469.18,CC1=CC=C(C=C1)C(=O)C(C)NC
1473.83,COC(=O)C1C2CCC(CC1OC(=O)C(F)(F)C(F)(F)C(F)(F)F)N2C
1496.18,C[Si](C)(C)OC(=O)CCCCC(=O)O[Si](C)(C)C
1501.05,CCCCCCCCCCCCCCC
1501.15,CN1C2CCC1C(C(C2)O)C(=O)OC
1502.86,CC(C)(C)C1=CC(=C(C=C1)O[Si](C)(C)C)C(C)(C)C
1521.32,CC1=CC=CC=C1C(=O)C(C)N(C)C(=O)C(C(C(F)(F)F)(F)F)(F)F
1547.17,CC(CC1=CC2=C(C=C1)OCO2)NC
1573.15,CN1[C@H]2CC[C@@H]1[C@H]([C@H](C2)O[Si](C)(C)C)C(=O)OC
1591.02,CCNC(C)CC1=CC2=C(C=C1)OCO2
1592.1,CC(=O)NC1=CC=C(OC(=O)C(F)(F)C(F)(F)C(F)(F)F)C=C1
1599.95,FC(F)(F)C(F)(F)C(F)(F)C(=O)N1CCCC1C1=CN=CC=C1
1601.17,CCCCCCCCCCCCCCCC
1631.07,CC(CC1=CC2=C(C=C1)OCO2)N[Si](C)(C)C
1633.07,CC(CC1=CC2=C(C=C1)OCO2)NC(=O)C(C(C(F)(F)F)(F)F)(F)F
1635.66,CC1=CC=C(C=C1)C(=O)C(C)N(C)[Si](C)(C)C
1701.29,CCCCCCCCCCCCCCCCC
1708.04,CCNC1(CCCCC1=O)C2=CC=CC=C2
1710.85,CC(CC1=CC2=C(OCO2)C=C1)N(C)[Si](C)(C)C
1744.27,C1CN(CCN1CC2=CC=CC=C2)C(=O)C(C(C(F)(F)F)(F)F)(F)F
1751.41,CC(CC1=CC2=C(C=C1)OCO2)N(C)C(=O)C(C(C(F)(F)F)(F)F)(F)F
1754.37,COC(=O)C(C1CCCCN1)C2=CC=CC=C2
1769.3,CCCC(C)C1(C(=O)NC(=O)NC1=O)CC
1776.98,CCCC(C(=O)C1=CC=CC=C1)N2CCCC2
1781.44,CCN(C(C)CC1=CC2=C(C=C1)OCO2)C(=O)C(C(C(F)(F)F)(F)F)(F)F
1785.53,C[Si](C)(C)OC(=O)C1=CC=C(C=C1)C(=O)O[Si](C)(C)C
1801.41,CCCCCCCCCCCCCCCCCC
1803.51,CCN(C(C)C(=O)C1=CC2=C(OCO2)C=C1)[Si](C)(C)C
1821.04,CCC(CC1=CC2=C(C=C1)OCO2)N(C)C(=O)C(C(C(F)(F)F)(F)F)(F)F
1822.65,CN1[C@@H](C[C@@H](OC(=O)C(F)(F)C(F)(F)C(F)(F)F)C1=O)C1=CN=CC=C1
1828.17,CCCC(C)C1(C(=O)NC(=O)NC1=O)CC=C
1876.49,CN1C=NC2=C1C(=O)N(C(=O)N2C)C
1879.1,C1=CC=C(C=C1)C(CCN)OC2=CC=C(C=C2)C(F)(F)F
1880.7,COC(=O)C(C1CCCCN1[Si](C)(C)C)C1=CC=CC=C1
1880.72,CN(C)CC1CCCC=C1C2=CC(=CC=C2)OC
1886.17,CNC1(CCCCC1=O)C2=CC=CC=C2Cl
1891.27,CCN(C(C)C(=O)C1=C2OCOC2=CC=C1)C(=O)C(F)(F)C(F)(F)C(F)(F)F
1894.87,COC(=O)C(C1CCCCN1C(=O)C(C(C(F)(F)F)(F)F)(F)F)C2=CC=CC=C2
1900.08,CNCCC(C1=CC=CC=C1)OC2=CC=C(C=C2)C(F)(F)F
1901.53,CCCCCCCCCCCCCCCCCCC
1910.1,C1CC(C(=O)C=C1)(C2=CC=CC=C2Cl)NC(=O)C(C(C(F)(F)F)(F)F)(F)F
1919.22,CCN(CC)CC(=O)NC1=C(C=CC=C1C)C
1945.34,CCNC1(CCCC(=O)C1)C2=CC(=CC=C2)OC
1954.11,C1CCC(CC1)(C2=CC=CC=C2)N3CCCCC3
1968.49,CN(C)CC1CCCCC1(C2=CC(=CC=C2)OC)O[Si](C)(C)C
1978.72,CN(C)CC1CCCCC1(C2=CC(=CC=C2)OC)O
2001.65,CCCCCCCCCCCCCCCCCCCC
2002.3,C1CC2=CC=CC=C2NC3=CC=CC=C31
2005.37,CN(CCC(OC1=CC=C(C=C1)C(F)(F)F)C1=CC=CC=C1)[Si](C)(C)C
2014.48,CCOC(=O)[C@]1(CCC=C[C@@H]1N(C)C(=O)C(F)(F)C(F)(F)C(F)(F)F)C1=CC=CC=C1
2040.7,CCC1(C(=O)NC(=O)NC1=O)C2=CC=CC=C2
2065.11,C1CSC2=NC(CN21)C3=CC=CC=C3
2101.77,CCCCCCCCCCCCCCCCCCCCC
2122.65,CN(C)CC(C1=CC=C(C=C1)OC)C2(CCCCC2)O
2134.44,CN(C)CCC1=CN(C)C2=C1C(O[Si](C)(C)C)=CC=C2
2140.51,CN(C)CCC1=CN(C2=C1C(=CC=C2)O[Si](C)(C)C)[Si](C)(C)C
2145.97,CN(C)CC(C1=CC=C(C=C1)OC)C2(CCCCC2)O[Si](C)(C)C
2176.4,C[Si](C)(C)N(CCC(C1=CC=CC=C1)OC2=CC=C(C=C2)C(F)(F)F)[Si](C)(C)C
2177.58,CN(C)CCC1=CN(C2=C1C=C(C=C2)O[Si](C)(C)C)[Si](C)(C)C
2188.92,COC1=CC=CC(=C1)C2(CCCCC2)N3CCCCC3
2191.4,CCCC(C(=O)C1=CC2=C(C=C1)OCO2)N3CCCC3
2201.89,CCCCCCCCCCCCCCCCCCCCCC
2229.21,C1CCC(CC1)(C2=CC=CC=C2)N3CCC(CC3)O
2256.99,CC1=CC=CC=C1N2C(=NC3=CC=CC=C3C2=O)C
2259.91,COC1=CC=CC=C1C(CC2=CC=CC=C2)N3CCCCC3
2260.48,CN1CCN2C(C1)C3=CC=CC=C3CC4=CC=CC=C42
2282.7,CCCCCCCCCCCCCCCCCC(=O)O[Si](C)(C)C
2292.7,CC(CNC)CN1C2=CC=CC=C2CCC3=CC=CC=C31
2297.52,CN1C2CCC1C(C(C2)OC(=O)C3=CC=CC=C3)C(=O)OC
2299.1,CN1[C@H]2CC[C@@H]1[C@@H]([C@H](C2)OC(=O)C3=CC=CC=C3)C(=O)OC
2302.01,CCCCCCCCCCCCCCCCCCCCCCC
2307.98,CN1CCN2C(C1)C3=CC=CC=C3CC4=C2N=CC=C4
2319.47,CN(C)CCCN1C2=CC=CC=C2CCC3=CC=CC=C31
2349.59,CN1CCC23C4C1CC5=C2C(=C(C=C5)OC)OC3C(C=C4)OC(=O)C(C(C(F)(F)F)(F)F)(F)F
2358.05,CN1C2CCC1C(C(C2)OC(=O)C3=CC=CC=C3)C(=O)O[Si](C)(C)C
2361.36,C1CN2C(CN1)C3=CC=CC=C3CC4=C2N=CC=C4
2366.71,CC(C)N(CC(COC1=CC=CC2=CC=CC=C12)O[Si](C)(C)C)[Si](C)(C)C
2402.13,CCCCCCCCCCCCCCCCCCCCCCCC
2404.45,CC(C)NCC(COC1=CC=C(C=C1)CC(=O)N[Si](C)(C)C)O[Si](C)(C)C
2410.44,CN1CCC23C4C1CC5=C2C(=C(C=C5)OC(=O)C(C(C(F)(F)F)(F)F)(F)F)OC3C(=O)CC4
2416.38,CN1CCC23C4C1CC5=C2C(=C(C=C5)OC)OC3C(CC4)O[Si](C)(C)C
2427.49,FC(F)(F)C(F)(F)C(F)(F)C(=O)N1CCN2C(C1)C1=CC=CC=C1CC1=C2N=CC=C1
2428.19,CN[C@H]1CC[C@H](C2=CC=CC=C12)C3=CC(=C(C=C3)Cl)Cl
2428.32,C[Si](C)(C)N1CCN2C(C1)C1=CC=CC=C1CC1=C2N=CC=C1
2449.19,CN(CCC=C1C2=CC=CC=C2CCC2=CC=CC=C12)[Si](C)(C)C
2471.03,CN(CCC=C1C2=CC=CC=C2CCC3=CC=CC=C31)C(=O)C(C(C(F)(F)F)(F)F)(F)F
2472.69,CN(C)CCCN1C2=CC=CC=C2CCC3=C1C=C(C=C3)Cl
2487.14,CN1CCC23C4C1CC5=C2C(=C(C=C5)OC)OC3C(C=C4)O[Si](C)(C)C
2491.1,CN(C)CC/C=C/1\C2=CC=CC=C2CSC3=CC=CC=C31
2502.25,CCCCCCCCCCCCCCCCCCCCCCCCC
2502.66,CN1CCC23C4C1CC5=C2C(=C(C=C5)OC)OC3C(CC4)O
2505.42,CNCCCN1C2=CC=CC=C2CCC3=C1C=C(C=C3)Cl
2510.59,FC(F)(F)C(F)(F)C(F)(F)C(=O)N(C1CCN(CCC2=CC=CC=C2)CC1)C1=CC=CC=C1
2522.13,COC1=C2C3=C(CC4C5C3(CCN4)C(O2)C(C=C5)O)C=C1
2530.75,CN1C(=O)CN=C(C2=C1C=CC(=C2)Cl)C3=CC=CC=C3
2531.82,CN1CCC23C4C1CC5=C2C(=C(C=C5)O[Si](C)(C)C)OC3C(C=C4)O[Si](C)(C)C
2538.56,CNCCC[C@@]1(C2=C(CO1)C=C(C=C2)C#N)C3=CC=C(C=C3)F
2538.91,COC1=C2C3=C(CC4C5C3(CCN4[Si](C)(C)C)C(O2)C(C=C5)O[Si](C)(C)C)C=C1
2545.71,CN1CCC23C4C1CC5=C2C(=C(C=C5)OC)OC3C(=O)CC4
2561.67,C1CN(CCC1NC2=CC=CC=C2)CCC3=CC=CC=C3
2574.36,CN([C@H]1CC[C@@H](C2=CC(Cl)=C(Cl)C=C2)C2=CC=CC=C12)[Si](C)(C)C
2592.1,CN1C2=C(C=C(Cl)C=C2)C(=NC(OC(=O)C(F)(F)C(F)(F)C(F)(F)F)C1=O)C1=CC=CC=C1Cl
2595.15,CN(CCCC12CCC(C3=CC=CC=C13)C1=CC=CC=C21)C(=O)C(F)(F)C(F)(F)C(F)(F)F
2602.37,CCCCCCCCCCCCCCCCCCCCCCCCCC
2605.71,CN(C)CCCN1C2=CC=CC=C2SC3=C1C=C(C=C3)Cl
2624.93,CC(CN1C2=CC=CC=C2SC3=C1C=C(C=C3)OC)CN(C)C
2628.56,CC(=O)OC1C=CC2C3CC4=C5C2(C1OC5=C(C=C4)O)CCN3C
2646.19,CC(=O)OC1C=CC2C3CC4=C5C2(C1OC5=C(C=C4)O[Si](C)(C)C)CN(C3)C
2647.06,CN(CCCN1C2=CC=CC=C2CCC2=C1C=C(Cl)C=C2)C(=O)C(F)(F)C(F)(F)C(F)(F)F
2647.41,CC(=O)OC1C=CC2C3CC4=C5C2(C1OC5=C(C=C4)O[Si](C)(C)C)CCN3C
2648.88,CN1C2=C(C=C(C=C2)Cl)C(=NC(C1=O)O[Si](C)(C)C)C3=CC=CC=C3
2665.61,C1CNCC(C1C2=CC=C(C=C2)F)COC3=CC4=C(C=C3)OCO4
2676.72,CC1=NC=C2N1C3=C(C=C(C=C3)Cl)C(=NC2)C4=CC=CC=C4F
2695.94,CN1CCN(CC1)C2=NC3=CC=CC=C3OC4=C2C=C(C=C4)Cl
2697.64,CC(CCCN1C2=CC=CC=C2C(=N1)C(=O)NC(C(=O)OC)C(C)(C)C)F
2702.49,CCCCCCCCCCCCCCCCCCCCCCCCCCC
2703.72,C1CN(CCN1)C2=NC3=CC=CC=C3SC4=CC=CC=C42
2713.52,CN1C(=O)CN=C(C2=C1C=CC(=C2)[N+](=O)[O-])C3=CC=CC=C3F
2724.57,CC(=O)OC1C=CC2C3CC4=C5C2(C1OC5=C(C=C4)OC(=O)C)CCN3C
2726.32,CN1C2=C(C=C(C=C2)Cl)C(=NC(C1=O)O[Si](C)(C)C)C3=CC=CC=C3Cl
2727.3,FC1=CC=C(C=C1)[C@@H]1CCN(C[C@H]1COC1=CC2=C(OCO2)C=C1)C(=O)C(F)(F)C(F)(F)C(F)(F)F
2734.66,C1C(=O)NC2=C(C=C(C=C2)Br)C(=N1)C3=CC=CC=N3
2746.86,CN1CCC2=CC(=C(C=C2C1CC3=CC(=C(C=C3)OC)OC)OC)OC
2747.66,C1CN(CCN1)C2=NC3=CC=CC=C3OC4=C2C=C(C=C4)Cl
2752.32,CC(C)(C)[C@H](C(=O)OC)NC(=O)C1=NN(C2=CC=CC=C21)CCCCCF
2778.65,CN1C2=C(C=C(C=C2)Cl)C(=NC(C1=O)O)C3=CC=CC=C3Cl
2793.06,CCCCCCCC/C=C\CCCCCCCCCCCC(=O)N
2796.17,FC(F)(F)C(F)(F)C(F)(F)C(=O)N1CCN(CC1)C1=NC2=CC=CC=C2SC2=CC=CC=C12
2802.61,CCCCCCCCCCCCCCCCCCCCCCCCCCCC
2863.33,C1C(=O)NC2=C(C=C(C=C2)[N+](=O)[O-])C(=N1)C3=CC=CC=C3
2877.9,CC1=CC=C(C=C1)C2=C(N3C=C(C=CC3=N2)C)CC(=O)N(C)C
2902.72,CCCCCCCCCCCCCCCCCCCCCCCCCCCCC
2932.52,C1C(=O)NC2=C(C=C(C=C2)[N+](=O)[O-])C(=N1)C3=CC=CC=C3Cl
3002.84,CCCCCCCCCCCCCCCCCCCCCCCCCCCCCC
3053.9,CCN(C1=CC=CC(=C1)C2=CC=NC3=C(C=NN23)C#N)C(=O)C
3081.29,CC1=NN=C2N1C3=C(C=C(C=C3)Cl)C(=NC2)C4=CC=CC=C4
3102.96,CCCCCCCCCCCCCCCCCCCCCCCCCCCCCCC
3122.23,C[Si](C)(C)OCC1=NN=C2N1C3=C(C=C(C=C3)Cl)C(=NC2)C4=CC=CC=C4
3174.68,CN1CCN(CC1)C(=O)OC2C3=NC=CN=C3C(=O)N2C4=NC=C(C=C4)Cl
3203.08,CCCCCCCCCCCCCCCCCCCCCCCCCCCCCCCC
3303.2,CCCCCCCCCCCCCCCCCCCCCCCCCCCCCCCCC
3403.32,CCCCCCCCCCCCCCCCCCCCCCCCCCCCCCCCCC
3503.44,CCCCCCCCCCCCCCCCCCCCCCCCCCCCCCCCCCC
3506.59,C[Si](C)(C)OCCOCCN1CCN(CC1)C2=NC3=CC=CC=C3SC4=CC=CC=C42
3603.56,CCCCCCCCCCCCCCCCCCCCCCCCCCCCCCCCCCCC
